모델,R2,MSE,RMSE,MAE
랜덤포레스트(기본),0.8886688796304758,234893597.8045411,15326.23886687602,11609.248767123285
결정트리(기본),0.8143658043134747,391663031.4653366,19790.478303096585,14492.92672490977
선형회귀,0.7201936402777613,590353553.4861981,24297.19229635799,18548.90220067348
