모델,R2,MSE,RMSE,MAE
랜덤포레스트(기본),0.8430105512396779,334713826.3590233,18295.18587932419,14025.60004608295
결정트리(기본),0.7311656768939472,573175876.8122216,23941.091804932825,17917.967429576092
선형회귀,0.674912438750743,693112195.6710979,26327.0240564918,21406.71378795657
